name1,name2,type1,type2,v1,v2,e_v1,e_v2,B1,B2,L10,vbar,Rp,Vp,MLp,Rp_recomputed,Vp_recomputed,sigma_Vp
UGC 09979,UGC 09977,IBm,Sc,1964,1912,4,7,14.1,12.3,3.2851451841544885,1920.3225638789927,112.3,34.6,3.1,113.61014291160168,34.97989389326675,5.423402318762518
IC 5039,IC 5041,Sbc,Sd,2702,2720,9,1,12.2,12.5,10.594600999148597,2709.764454946094,71.0,8.2,0.11,71.16635797664566,8.195541175904845,4.122987875737889
ESO 467-G051,NGC 7259,Sdm,Sb,1795,1718,10,37,13.1,13.8,1.7079857121497108,1768.4981789552544,24.0,63.7,2.3,24.23217602212952,64.41633039286131,32.063885828787186
NGC 7185,NGC 7188,S0,SBbc,1838,1767,27,40,13.1,13.5,1.9827956031115765,1808.966367338361,100.9,56.6,7.5,100.78657027556191,56.51525606154672,38.414226716659584
NGC 6460,NGC 6458,Scd,S0,3348,3200,10,57,12.9,13.8,6.748304502621131,3303.0270580235806,52.7,79.1,7.6,52.2404512602928,78.31834323859833,30.623819062145056
NGC 5798,NGC 5789,Im,Sdm,1788,1805,5,5,13.5,14.0,1.3014474328717902,1794.5766740573965,200.0,15.5,1.1,200.240125894247,15.57064886546804,6.476536117792397
NGC 6484,UGC 11029,Sb,SBd,3114,3146,6,8,12.7,13.9,6.716384942278956,3121.9602946069217,271.0,16.9,1.8,271.73121752996616,16.960479197665705,5.300149749270534
NGC 6429,NGC 6427,SBa,S0,3366,3230,36,30,13.3,14.0,5.004257422350912,3319.1915888040858,119.3,79.4,17.4,119.44772538552795,79.51072150009654,27.396996477672054
NGC 7444,NGC 7443,SB0,SB0,3167,3474,62,62,13.7,13.4,5.334864636557817,3341.572907308286,17.6,175.0,12.5,17.61637000791328,175.69682252158566,50.18018050522761
"ARP 314, NED 01","ARP 314, NED 02",Sbc,SBcd,3637,3673,0,0,13.3,13.5,7.283015927020523,3653.3468107799026,21.4,18.6,0.17,21.37807375446288,18.572288195013837,0.0
NGC 7723,NGC 7727,SBb,Sa,1875,1814,8,17,11.6,11.2,11.791095428087164,1838.9443886247884,200.0,27.0,3.4,199.63239095421287,26.800637026676373,8.254725474697146
NGC 5899,NGC 5900,Sc,Sb,2562,2511,5,8,11.8,14.0,8.769636676869526,2556.0599426908784,69.2,24.6,0.97,69.53277489417117,24.731073931795393,4.574754604863816
NGC 7576,NGC 7585,S0,S0,3574,3447,20,14,13.6,12.2,12.632232772827383,3474.4251821462476,95.4,54.8,6.6,94.75573608433261,54.53102751017671,10.482457009229552
NGC 7537,NGC 7541,Sbc,SBbc,2674,2678,4,7,12.7,11.6,13.926956470686887,2676.9345348096554,19.7,1.7,0.001,19.732980965495454,1.6625495023306407,3.350975651773776
NGC 7714,NGC 7715,SBb,Im,2798,2770,1,17,12.6,13.9,5.758990037003322,2791.5054560886924,17.9,15.6,0.1,17.93187072479127,15.621015222376297,9.500582273209417
NGC 7743,NGC 7742,SB0,Sb,1710,1653,5,5,12.2,12.3,4.442437308682869,1682.811546475961,298.4,34.8,8.4,297.89024742028505,34.673771783252526,4.301413887237303
NGC 5198,NGC 5173,E1,E0,2533,2419,25,9,12.7,13.1,5.414431757813959,2486.3826179799034,155.9,65.2,15.4,154.88882908857718,64.92130232636015,15.131595474183609
NGC 5322,NGC 5308,E3,S0,1915,2041,51,31,11.0,12.5,11.671284479819578,1940.2957611230509,247.0,55.5,17.7,248.15005994592653,55.54747559748727,26.31120505676194
NGC 4814,UGC 08040,Sb,S,2517,2522,3,35,12.2,13.3,7.092618933614131,2518.331831487931,200.3,2.6,0.031,199.99300615833423,2.6023625190166273,18.283333065491192
NGC 3329,UGC 05841,Sb,SBc,1812,1766,40,10,12.7,14.4,2.0368462047402685,1804.0501887803046,60.9,36.3,1.9,60.85225827200388,36.28872856900108,32.52657845855667
NGC 2336,IC 0467,Sbc,Sc,2204,2042,1,5,10.6,12.2,20.800978802451183,2173.805178101905,93.7,59.3,7.6,93.03293471102323,58.90521661750123,1.8540669690435108
"NGC 0450, NED 01",NGC 0448,Scd,S0,1758,1917,10,22,12.0,12.8,4.775527635687119,1809.468034550655,285.4,93.7,58.1,287.9424591508901,94.41840726945384,14.350464852709266
NGC 3392,NGC 3394,E,Sc,3275,3403,56,56,14.7,12.9,5.865233729589484,3382.513688913248,32.0,70.5,3.7,32.21045722065516,70.97654613098706,43.91449744011816
NGC 3225,NGC 3182,Scd,Sa,2134,2130,7,50,12.9,12.9,3.914392653758549,2132.0,346.9,2.5,0.05,350.6854860636248,2.538079348607647,32.03539784537484
NGC 1134,IC 0267,S,SBb,3651,3574,3,5,11.9,13.2,18.588041476676345,3633.1400042439036,82.1,29.2,1.6,81.77301696226553,29.06784579185151,2.2012105259619164
UGCA 154,UGC 04906,Pec,Sa,2203,2322,10,50,14.6,12.9,2.7571356025856684,2301.4341840186135,267.3,84.5,44.3,268.21490783259037,84.86479880876276,36.36363572630311
NGC 2798,NGC 2799,SBa,SBm,1726,1755,12,17,12.5,13.7,2.4887725831419947,1733.2140169875224,11.7,21.6,0.13,11.64615526312683,21.399465530480025,15.354966627889114
UGC 04867,NGC 2782,Sd,Sa,2496,2562,7,5,14.5,12.0,7.088826963460836,2556.0,361.9,34.6,10.1,360.1506110471109,34.357309228498096,4.47807195884706
NGC 1266,NGC 1253,SB0,Scd,2194,1710,36,5,13.7,11.6,5.119063165749542,1771.1241562625803,216.6,278.2,389.0,219.00306670737137,280.8332540077428,21.088931652944847
NGC 1172,MCG-03-08-057,E,Sd,1669,1490,8,56,12.6,12.6,2.832234752819817,1579.5,362.8,125.1,131.7,364.9649213337751,126.51536763382923,39.982066761202105
NGC 2480,NGC 2481,Sc,S,2345,2332,1,10,14.0,13.1,2.807356813190364,2335.950325984415,10.5,9.2,0.021,10.51733548215722,9.21532834927586,7.1240695167701285
NGC 3032,NGC 3026,S0,Im,1533,1490,5,4,12.9,13.1,1.8066738334437629,1513.474642679561,316.7,35.1,9.1,319.181124211147,35.305459704094915,5.257331273139509
NGC 1199,NGC 1209,E3,E6,2570,2614,5,20,12.2,12.3,10.531276201819201,2590.9875781589076,238.2,20.0,2.2,239.17330040268934,20.07361893234321,9.405187630278348
UGC 04375,NGC 2577,Sc,S0,2059,2074,10,23,12.5,13.3,3.919928047899842,2063.855474957609,71.1,9.5,0.15,71.43317150899799,9.513315367923127,15.906182373618787
NGC 3900,NGC 3912,S0,Sb,1798,1779,5,7,12.2,13.0,3.895136699734144,1791.8497317203621,234.2,12.2,0.81,230.77067231697123,12.075710690882858,5.467325852298862
NGC 2872,NGC 2874,E2,SBbc,3014,3775,36,4,12.6,12.5,13.853866787411517,3412.0102959334454,10.5,317.6,24.6,10.447892617942069,316.8553085686664,15.081455201853597
NGC 2962,NGC 2966,S0,SB,1966,2044,6,7,12.6,12.8,4.1649049862335765,2001.4180900231222,258.1,48.9,14.3,255.80434197672344,48.47966050958023,5.730261350545401
MCG-02-25-013,NGC 2979,Sd,Sa,2697,2720,9,15,13.8,13.6,3.038965603473576,2709.556204223951,286.7,15.9,1.7,287.0524504369218,15.878857130160455,12.076806791880902
NGC 0986,NGC 0986A,SBb,SBdm,2005,1399,7,27,11.5,14.4,6.459298773392168,1965.7878604219234,110.6,320.6,263.7,112.00781112760389,325.394968374471,14.977109583838285
NGC 2992,NGC 2993,Sa,Sa,2311,2420,4,9,12.2,12.8,7.143285376195186,2350.8129764792975,20.6,56.2,1.51,20.764916738583896,56.597054684649024,5.113911409078773
NGC 3872,UGC 06758,E5,S,3186,3108,27,1,12.6,13.6,7.943569033131698,3163.789714581838,177.3,39.1,6.3,176.72636032167674,39.09213392916838,13.541170466705138
NGC 3145,NGC 3143,SBbc,SBb,3652,3536,6,62,11.8,14.5,17.049025228128407,3643.092438915136,74.4,45.4,3.6,73.87346704055214,45.07040611989292,24.201893471694632
ESO 122-IG002,ESO 122-IG001,S,Sbc,2744,2669,18,30,14.5,12.3,6.07260238059679,2677.7353783957674,28.3,40.9,1.1,28.377464146256663,41.10894343746773,19.17634173054326
ESO 378-G003,NGC 3706,Sc,S0,3023,2977,10,14,13.1,11.9,12.857921199032122,2988.4429234974496,161.9,19.5,1.4,162.5866938419369,19.63515098216055,7.343824148523328
NGC 4428,NGC 4433,Sc,Sab,2993,3000,8,6,12.8,12.7,8.888440965719107,2996.661067111083,59.6,3.3,0.015,60.323361845559006,3.3792696090664753,4.827528012952108
ESO 079-G002,ESO 079-G003,SBd,SBb,2756,2616,27,10,13.0,12.5,7.237314417448437,2670.16084517856,65.0,71.9,7.8,65.44960132451594,72.37727404330114,14.885089551072413
ESO 323-G089,ESO 323-G0926,S0,E,2911,3217,42,32,13.2,13.6,5.093988224193874,3036.1308675276273,284.6,178.4,210.1,283.86739255882804,177.84245610805237,30.687422016032393
NGC 7125,NGC 7126,Sc,Sbc,3148,2981,1,2,12.4,12.4,12.81767449186504,3064.4999999999995,47.0,71.4,5.6,47.03320163857232,71.3586663960419,0.9554660409896985
ESO 512-G018,ESO 512-G019,S0,Sa,3488,3734,20,20,12.5,12.4,17.067338155730248,3616.6603584752006,4.5,96.6,0.97,4.46153831220972,95.54614648481918,10.98558180417217
IC 4721,IC 4720,Sc,SBcd,2245,2051,9,10,11.3,12.5,12.0736456903811,2196.74071394554,48.9,84.3,8.1,49.05019630813064,84.56466269372082,5.864439069839791
IC 5328B,IC 5328,Sc,E,3091,3189,10,15,14.1,12.2,9.704985941146248,3174.4909378935517,119.4,46.1,5.9,118.73399369245325,45.94389091874314,8.45168645417616
IC 5064,IC 5063,SBa,S0,3360,3402,24,6,13.8,12.6,8.69116145574778,3391.552113328416,104.2,20.3,1.0,104.83941127117605,20.42788249753728,12.0323310350075
IC 4888,IC 4889,S0,E5,2490,2526,100,20,14.5,11.9,7.512703360507303,2522.9911695745027,56.7,18.4,0.45,56.59066394758213,18.381054401837403,52.06964170854415
NGC 5812,MCG-01-38-014,E0,Sdm,2010,2095,41,3,11.9,12.6,6.858326880494084,2039.2552569974464,208.9,44.4,9.6,210.36505850732001,44.73830564277334,21.63734445109473
NGC 5916,NGC 5915,SBa,SBab,2302,2273,40,4,13.2,12.0,6.827033763261801,2280.2140169875224,33.3,15.2,0.18,33.44550782051317,15.286943050578694,21.190603625582654
NGC 5012,UGC 08290,Sc,Sm,2619,2581,5,5,12.3,14.0,6.173781444493415,2612.4327646445995,130.8,20.8,1.3,130.94093605656045,20.714121194949076,3.8544988324390745
ESO 287-G009,ESO 287-G013,Sbc,Sc,2715,2715,9,5,13.4,12.1,8.63394013349621,2715.0,236.7,0.0,0.0,235.6262745039087,0.0,5.0186077735322705
